<beans xmlns="http://www.springframework.org/schema/beans"
	xmlns:xsi="http://www.w3.org/2001/XMLSchema-instance"
	xmlns:context="http://www.springframework.org/schema/context"
	xmlns:mvc="http://www.springframework.org/schema/mvc"
	xmlns:jpa="http://www.springframework.org/schema/data/jpa"
	xmlns:tx="http://www.springframework.org/schema/tx"
	xsi:schemaLocation="http://www.springframework.org/schema/beans
	http://www.springframework.org/schema/beans/spring-beans.xsd
	http://www.springframework.org/schema/context
	http://www.springframework.org/schema/context/spring-context.xsd
	http://www.springframework.org/schema/data/jpa 
    http://www.springframework.org/schema/data/jpa/spring-jpa-1.0.xsd
    http://www.springframework.org/schema/tx 
    http://www.springframework.org/schema/tx/spring-tx-4.0.xsd
	http://www.springframework.org/schema/mvc
	http://www.springframework.org/schema/mvc/spring-mvc.xsd">

	<mvc:annotation-driven />

	<context:component-scan
		base-package="com.howtodoinjava.demo" />
	
	<bean class="org.springframework.validation.beanvalidation.LocalValidatorFactoryBean"/>
	
	<bean class="org.springframework.validation.beanvalidation.MethodValidationPostProcessor"/>
	

	<mvc:view-resolvers>
		<mvc:content-negotiation>
			<mvc:default-views>
				<bean
					class="org.springframework.web.servlet.view.json.MappingJackson2JsonView" />
			</mvc:default-views>
		</mvc:content-negotiation>
	</mvc:view-resolvers>

	<jpa:repositories
		base-package="com.howtodoinjava.demo.repository"
		entity-manager-factory-ref="emf" />

	<bean id="emf"
		class="org.springframework.orm.jpa.LocalContainerEntityManagerFactoryBean">
		<property name="packagesToScan"
			value="com.howtodoinjava.demo.model" />
		<property name="dataSource" ref="dataSource" />

		<property name="jpaProperties">
			<props>
				<prop key="hibernate.show_sql">true</prop>
				<prop key="hibernate.format_sql">true</prop>
				<prop key="hibernate.hbm2ddl.auto">create</prop>
				<prop key="hibernate.dialect">org.hibernate.dialect.H2Dialect</prop>
			</props>
		</property>

		<property name="persistenceProvider">
			<bean class="org.hibernate.jpa.HibernatePersistenceProvider"></bean>
		</property>

	</bean>

	<bean
		class="org.springframework.jdbc.datasource.SimpleDriverDataSource"
		id="dataSource">
		<property name="driverClass" value="org.h2.Driver" />
		<property name="url"
			value="jdbc:h2:mem:testdb;DB_CLOSE_DELAY=-1;TRACE_LEVEL_SYSTEM_OUT=2" />
	</bean>

	<tx:annotation-driven
		transaction-manager="transactionManager" />

	<bean class="org.springframework.orm.jpa.JpaTransactionManager"
		id="transactionManager">
		<property name="dataSource" ref="dataSource" />
	</bean>
</beans>